"filename", "language", "Dotenv", "JSON", "JSON with Comments", "MS SQL", "Markdown", "JavaScript", "TypeScript", "YAML", "comment", "blank", "total"
"e:\Project\isme-nest-serve\.env", "Dotenv", 10, 0, 0, 0, 0, 0, 0, 0, 5, 5, 20
"e:\Project\isme-nest-serve\.eslintrc.js", "JavaScript", 0, 0, 0, 0, 0, 27, 0, 0, 0, 1, 28
"e:\Project\isme-nest-serve\.prettierrc", "JSON", 0, 7, 0, 0, 0, 0, 0, 0, 0, 1, 8
"e:\Project\isme-nest-serve\README.md", "Markdown", 0, 0, 0, 0, 13, 0, 0, 0, 0, 13, 26
"e:\Project\isme-nest-serve\init.sql", "MS SQL", 0, 0, 0, 106, 0, 0, 0, 0, 43, 16, 165
"e:\Project\isme-nest-serve\nest-cli.json", "JSON", 0, 8, 0, 0, 0, 0, 0, 0, 0, 1, 9
"e:\Project\isme-nest-serve\package-lock.json", "JSON", 0, 9730, 0, 0, 0, 0, 0, 0, 0, 1, 9731
"e:\Project\isme-nest-serve\package.json", "JSON", 0, 65, 0, 0, 0, 0, 0, 0, 0, 1, 66
"e:\Project\isme-nest-serve\pnpm-lock.yaml", "YAML", 0, 0, 0, 0, 0, 0, 0, 5306, 0, 1510, 6816
"e:\Project\isme-nest-serve\src\app.module.ts", "TypeScript", 0, 0, 0, 0, 0, 0, 21, 0, 8, 5, 34
"e:\Project\isme-nest-serve\src\common\decorators\return-type.decorator.ts", "TypeScript", 0, 0, 0, 0, 0, 0, 3, 0, 7, 3, 13
"e:\Project\isme-nest-serve\src\common\decorators\roles.decorator.ts", "TypeScript", 0, 0, 0, 0, 0, 0, 2, 0, 7, 3, 12
"e:\Project\isme-nest-serve\src\common\exceptions\custom.exception.ts", "TypeScript", 0, 0, 0, 0, 0, 0, 12, 0, 10, 4, 26
"e:\Project\isme-nest-serve\src\common\exceptions\error-code.ts", "TypeScript", 0, 0, 0, 0, 0, 0, 21, 0, 11, 4, 36
"e:\Project\isme-nest-serve\src\common\filters\all-exception.filter.ts", "TypeScript", 0, 0, 0, 0, 0, 0, 19, 0, 7, 4, 30
"e:\Project\isme-nest-serve\src\common\guards\index.ts", "TypeScript", 0, 0, 0, 0, 0, 0, 4, 0, 0, 1, 5
"e:\Project\isme-nest-serve\src\common\guards\jwt.guard.ts", "TypeScript", 0, 0, 0, 0, 0, 0, 6, 0, 7, 3, 16
"e:\Project\isme-nest-serve\src\common\guards\local.guard.ts", "TypeScript", 0, 0, 0, 0, 0, 0, 6, 0, 7, 3, 16
"e:\Project\isme-nest-serve\src\common\guards\permission.guard.ts", "TypeScript", 0, 0, 0, 0, 0, 0, 17, 0, 8, 5, 30
"e:\Project\isme-nest-serve\src\common\guards\preview.guard.ts", "TypeScript", 0, 0, 0, 0, 0, 0, 12, 0, 7, 4, 23
"e:\Project\isme-nest-serve\src\common\guards\role.guard.ts", "TypeScript", 0, 0, 0, 0, 0, 0, 17, 0, 9, 4, 30
"e:\Project\isme-nest-serve\src\common\interceptors\transform.interceptor.ts", "TypeScript", 0, 0, 0, 0, 0, 0, 31, 0, 7, 3, 41
"e:\Project\isme-nest-serve\src\constants\redis.contant.ts", "TypeScript", 0, 0, 0, 0, 0, 0, 2, 0, 7, 3, 12
"e:\Project\isme-nest-serve\src\main.ts", "TypeScript", 0, 0, 0, 0, 0, 0, 19, 0, 7, 5, 31
"e:\Project\isme-nest-serve\src\modules\auth\auth.controller.ts", "TypeScript", 0, 0, 0, 0, 0, 0, 75, 0, 11, 10, 96
"e:\Project\isme-nest-serve\src\modules\auth\auth.module.ts", "TypeScript", 0, 0, 0, 0, 0, 0, 25, 0, 7, 3, 35
"e:\Project\isme-nest-serve\src\modules\auth\auth.service.ts", "TypeScript", 0, 0, 0, 0, 0, 0, 76, 0, 8, 9, 93
"e:\Project\isme-nest-serve\src\modules\auth\dto.ts", "TypeScript", 0, 0, 0, 0, 0, 0, 27, 0, 7, 8, 42
"e:\Project\isme-nest-serve\src\modules\auth\jwt.strategy.ts", "TypeScript", 0, 0, 0, 0, 0, 0, 53, 0, 11, 8, 72
"e:\Project\isme-nest-serve\src\modules\auth\local.strategy.ts", "TypeScript", 0, 0, 0, 0, 0, 0, 16, 0, 7, 4, 27
"e:\Project\isme-nest-serve\src\modules\permission\dto.ts", "TypeScript", 0, 0, 0, 0, 0, 0, 52, 0, 7, 18, 77
"e:\Project\isme-nest-serve\src\modules\permission\permission.controller.ts", "TypeScript", 0, 0, 0, 0, 0, 0, 63, 0, 8, 13, 84
"e:\Project\isme-nest-serve\src\modules\permission\permission.entity.ts", "TypeScript", 0, 0, 0, 0, 0, 0, 50, 0, 7, 21, 78
"e:\Project\isme-nest-serve\src\modules\permission\permission.module.ts", "TypeScript", 0, 0, 0, 0, 0, 0, 11, 0, 7, 3, 21
"e:\Project\isme-nest-serve\src\modules\permission\permission.service.ts", "TypeScript", 0, 0, 0, 0, 0, 0, 69, 0, 8, 12, 89
"e:\Project\isme-nest-serve\src\modules\role\dto.ts", "TypeScript", 0, 0, 0, 0, 0, 0, 58, 0, 7, 21, 86
"e:\Project\isme-nest-serve\src\modules\role\role.controller.ts", "TypeScript", 0, 0, 0, 0, 0, 0, 85, 0, 9, 14, 108
"e:\Project\isme-nest-serve\src\modules\role\role.entity.ts", "TypeScript", 0, 0, 0, 0, 0, 0, 23, 0, 7, 8, 38
"e:\Project\isme-nest-serve\src\modules\role\role.module.ts", "TypeScript", 0, 0, 0, 0, 0, 0, 13, 0, 7, 3, 23
"e:\Project\isme-nest-serve\src\modules\role\role.service.ts", "TypeScript", 0, 0, 0, 0, 0, 0, 143, 0, 7, 13, 163
"e:\Project\isme-nest-serve\src\modules\user\dto.ts", "TypeScript", 0, 0, 0, 0, 0, 0, 86, 0, 7, 20, 113
"e:\Project\isme-nest-serve\src\modules\user\profile.entity.ts", "TypeScript", 0, 0, 0, 0, 0, 0, 28, 0, 7, 10, 45
"e:\Project\isme-nest-serve\src\modules\user\user.controller.ts", "TypeScript", 0, 0, 0, 0, 0, 0, 97, 0, 19, 14, 130
"e:\Project\isme-nest-serve\src\modules\user\user.entity.ts", "TypeScript", 0, 0, 0, 0, 0, 0, 37, 0, 7, 10, 54
"e:\Project\isme-nest-serve\src\modules\user\user.module.ts", "TypeScript", 0, 0, 0, 0, 0, 0, 15, 0, 7, 3, 25
"e:\Project\isme-nest-serve\src\modules\user\user.service.ts", "TypeScript", 0, 0, 0, 0, 0, 0, 156, 0, 8, 16, 180
"e:\Project\isme-nest-serve\src\shared\redis.service.ts", "TypeScript", 0, 0, 0, 0, 0, 0, 31, 0, 7, 10, 48
"e:\Project\isme-nest-serve\src\shared\shared.module.ts", "TypeScript", 0, 0, 0, 0, 0, 0, 62, 0, 11, 3, 76
"e:\Project\isme-nest-serve\src\shared\shared.service.ts", "TypeScript", 0, 0, 0, 0, 0, 0, 42, 0, 10, 8, 60
"e:\Project\isme-nest-serve\src\types\index.ts", "TypeScript", 0, 0, 0, 0, 0, 0, 3, 0, 7, 2, 12
"e:\Project\isme-nest-serve\tsconfig.build.json", "JSON", 0, 4, 0, 0, 0, 0, 0, 0, 0, 1, 5
"e:\Project\isme-nest-serve\tsconfig.json", "JSON with Comments", 0, 0, 25, 0, 0, 0, 0, 0, 0, 1, 26
"Total", "-", 10, 9814, 25, 106, 13, 27, 1588, 5306, 372, 1869, 19130